gender,height,shoesize
2,140,210
2,142,220
2,144,225
2,144,225
2,144,225
2,144,215
2,145,215
2,145,220
2,145,225
2,146,215
2,146,225
2,146,220
2,146,240
2,146,220
2,147,215
2,147,230
2,147,220
2,147,225
2,148,235
2,148,215
2,148,220
2,148,225
2,148,205
2,148,220
2,148,220
2,148,220
2,148,220
2,148,225
2,148,230
2,148,230
2,149,200
2,149,220
2,149,225
2,149,220
2,149,225
2,149,210
2,149,220
2,149,225
2,149,240
2,149,210
2,149,220
2,149,230
2,149,225
2,149,230
2,150,210
2,150,235
2,150,220
2,150,225
2,150,235
2,150,200
2,150,230
2,150,215
2,150,220
2,150,220
2,150,225
2,150,225
2,150,235
2,150,220
2,150,235
2,150,215
2,150,235
2,150,235
2,150,240
2,150,230
2,150,215
2,150,225
2,151,230
2,151,230
2,151,220
2,151,225
2,151,230
2,151,220
2,151,225
2,151,230
2,151,220
2,151,225
2,151,225
2,151,235
2,151,240
2,151,210
2,151,230
2,151,230
2,151,245
2,151,225
2,151,225
2,151,220
2,151,220
2,151,225
2,151,235
2,151,235
2,151,235
2,151,220
2,151,230
2,151,235
2,151,220
2,151,220
2,151,230
2,151,235
2,152,210
2,152,235
1,152,240
2,152,215
2,152,220
2,152,230
2,152,235
2,152,235
2,152,235
2,152,215
2,152,220
2,152,230
2,152,230
2,152,230
2,152,235
2,152,235
2,152,240
2,152,225
2,152,225
2,152,230
2,152,210
2,152,215
2,152,220
2,152,225
2,152,225
2,152,245
2,152,215
2,152,220
2,152,225
2,152,225
2,152,225
2,152,225
2,152,230
2,152,230
2,152,230
2,152,235
2,152,240
2,152,240
2,152,210
2,152,220
2,152,220
2,152,230
2,152,230
2,152,235
2,152,220
2,152,220
2,152,225
2,152,230
2,152,235
2,152,230
2,152,230
2,152,235
2,152,220
2,152,220
2,152,230
2,152,230
2,152,230
2,152,230
2,153,220
2,153,225
2,153,225
2,153,230
2,153,230
2,153,230
2,153,230
2,153,230
2,153,235
2,153,235
2,153,235
2,153,235
1,153,235
2,153,235
2,153,240
2,153,220
2,153,225
2,153,225
2,153,225
2,153,215
2,153,220
2,153,220
2,153,230
2,153,230
2,153,230
2,153,210
2,153,220
2,153,225
2,153,225
2,153,225
2,153,230
2,153,235
2,153,210
2,153,215
2,153,220
2,153,220
2,153,225
2,153,225
2,153,225
2,153,230
2,153,240
2,153,210
2,153,220
2,153,225
2,153,230
2,153,230
2,153,230
2,153,230
2,153,230
2,153,235
2,153,225
2,153,225
2,153,225
2,153,225
2,153,230
2,153,230
2,153,230
2,153,245
2,153,250
2,153,215
2,153,225
2,153,225
2,153,230
2,153,230
2,153,230
2,153,230
2,153,230
2,153,235
2,153,235
2,153,215
2,153,215
2,153,220
2,153,225
2,153,225
2,153,230
2,153,235
2,153,240
2,154,215
2,154,220
2,154,220
2,154,225
2,154,225
2,154,225
2,154,230
2,154,230
2,154,230
2,154,230
2,154,235
2,154,235
2,154,240
2,154,240
2,154,220
2,154,220
2,154,220
2,154,225
2,154,225
2,154,225
2,154,230
2,154,235
2,154,245
2,154,215
2,154,215
2,154,225
2,154,225
2,154,225
2,154,230
2,154,230
2,154,230
2,154,245
2,154,220
2,154,220
2,154,225
2,154,225
2,154,225
2,154,230
2,154,230
2,154,230
2,154,235
2,154,235
2,154,235
2,154,235
2,154,225
2,154,230
2,154,230
2,154,235
2,154,235
2,154,235
2,154,235
2,154,220
2,154,220
2,154,220
2,154,225
2,154,225
2,154,225
2,154,230
2,154,230
2,154,230
2,154,230
2,154,230
2,154,235
1,154,235
2,154,235
2,154,235
2,154,240
2,154,245
2,154,245
2,154,220
2,154,220
2,154,230
2,154,220
2,154,225
2,154,225
2,154,225
2,154,225
2,154,230
2,154,230
2,154,230
2,154,230
2,154,235
2,154,235
2,154,235
2,154,220
2,154,230
2,154,230
2,154,230
2,154,230
2,154,235
2,154,235
2,154,220
2,154,220
2,154,225
2,154,230
2,154,230
2,154,230
2,154,235
2,154,235
2,154,235
2,154,240
2,155,215
2,155,220
2,155,220
2,155,220
2,155,225
2,155,230
2,155,230
2,155,230
2,155,235
2,155,240
2,155,210
2,155,215
2,155,215
2,155,220
2,155,225
2,155,225
2,155,225
2,155,230
2,155,230
2,155,235
2,155,235
2,155,235
1,155,235
2,155,235
2,155,245
1,155,245
2,155,215
2,155,220
2,155,225
2,155,225
2,155,225
2,155,230
2,155,230
2,155,235
2,155,235
2,155,215
2,155,225
2,155,230
2,155,230
2,155,230
2,155,230
2,155,235
2,155,235
2,155,235
2,155,240
2,155,225
2,155,225
2,155,225
2,155,225
2,155,225
2,155,230
2,155,220
2,155,220
2,155,220
2,155,220
2,155,220
2,155,230
2,155,230
2,155,230
2,155,230
2,155,230
2,155,235
2,155,235
2,155,240
2,155,240
2,155,240
2,155,240
2,155,240
2,155,240
2,155,240
2,155,250
2,155,250
2,155,230
2,155,230
2,155,230
2,155,235
2,155,235
2,155,235
2,155,240
2,155,245
2,155,215
2,155,225
2,155,230
2,155,230
2,155,235
2,155,235
2,155,240
2,155,240
2,155,245
2,155,210
2,155,220
2,155,225
2,155,225
2,155,230
2,155,230
2,155,235
2,155,235
2,155,235
2,155,235
2,155,220
2,155,220
2,155,225
2,155,225
2,155,225
2,155,230
2,155,230
2,155,230
2,155,235
2,155,235
2,156,220
2,156,230
2,156,230
2,156,230
2,156,235
2,156,235
2,156,240
2,156,240
2,156,245
2,156,225
2,156,225
2,156,225
2,156,230
2,156,230
2,156,230
2,156,235
2,156,235
2,156,235
2,156,235
2,156,240
2,156,240
2,156,240
2,156,250
2,156,220
2,156,225
2,156,225
2,156,225
2,156,230
2,156,230
2,156,235
2,156,235
2,156,235
2,156,245
2,156,245
2,156,215
2,156,220
2,156,220
2,156,225
2,156,225
2,156,225
2,156,225
2,156,230
2,156,230
2,156,230
2,156,235
2,156,235
2,156,245
2,156,245
2,156,220
2,156,220
2,156,225
2,156,230
2,156,230
2,156,235
2,156,240
2,156,245
2,156,220
2,156,225
2,156,225
2,156,225
2,156,225
2,156,230
2,156,230
2,156,230
2,156,230
2,156,230
2,156,230
2,156,230
2,156,235
2,156,235
2,156,235
2,156,235
2,156,235
2,156,235
2,156,235
2,156,235
2,156,240
2,156,240
2,156,240
2,156,245
2,156,250
1,156,260
2,156,220
2,156,225
2,156,225
2,156,225
2,156,225
2,156,235
2,156,240
2,156,240
2,156,220
2,156,220
2,156,225
2,156,230
2,156,230
2,156,230
2,156,235
2,156,235
2,156,220
2,156,225
2,156,225
2,156,230
2,156,230
2,156,235
2,156,235
2,156,235
2,156,240
2,156,240
2,156,240
2,156,245
2,156,250
2,156,215
2,156,220
2,156,220
2,156,225
2,156,225
2,156,230
2,156,230
2,156,235
2,156,235
2,156,235
2,156,235
2,156,235
2,156,240
2,156,240
2,156,240
2,156,240
2,156,245
1,156,245
2,156,245
2,157,220
2,157,220
2,157,220
2,157,225
2,157,225
2,157,225
2,157,225
2,157,225
2,157,225
2,157,230
2,157,235
2,157,235
2,157,235
2,157,235
2,157,235
2,157,235
2,157,235
2,157,240
2,157,240
2,157,240
2,157,240
2,157,240
2,157,220
2,157,225
2,157,225
2,157,225
2,157,230
2,157,235
2,157,235
2,157,235
2,157,215
2,157,225
2,157,225
2,157,235
2,157,235
2,157,235
2,157,240
2,157,245
2,157,245
2,157,225
2,157,225
2,157,225
2,157,225
2,157,225
2,157,225
2,157,225
2,157,230
2,157,230
2,157,230
2,157,230
2,157,235
2,157,235
2,157,235
2,157,235
2,157,235
2,157,240
2,157,240
2,157,240
2,157,240
2,157,245
2,157,215
2,157,220
2,157,220
2,157,225
2,157,225
2,157,225
2,157,230
2,157,235
2,157,235
1,157,235
2,157,240
2,157,240
2,157,220
2,157,225
2,157,225
2,157,225
2,157,230
2,157,230
2,157,230
2,157,230
2,157,230
2,157,235
2,157,235
2,157,235
2,157,235
2,157,235
2,157,235
2,157,240
2,157,240
2,157,240
2,157,240
2,157,240
2,157,245
1,157,245
2,157,220
2,157,220
2,157,225
2,157,225
2,157,230
2,157,230
2,157,230
2,157,235
2,157,235
2,157,235
2,157,240
2,157,240
2,157,240
2,157,240
2,157,240
2,157,245
2,157,245
2,157,220
2,157,225
2,157,225
2,157,225
2,157,230
2,157,230
2,157,230
2,157,240
2,157,240
2,157,240
2,157,240
2,157,240
2,157,245
2,157,245
2,157,245
2,157,215
2,157,220
2,157,230
2,157,230
2,157,230
2,157,230
1,157,235
2,157,235
2,157,235
2,157,235
2,157,235
2,157,235
2,157,240
2,157,240
2,157,240
2,157,245
2,157,245
2,157,250
2,157,215
2,157,220
2,157,225
2,157,225
2,157,225
2,157,225
2,157,230
2,157,230
2,157,230
2,157,235
2,157,235
2,157,235
2,157,240
2,157,250
2,158,220
2,158,225
2,158,225
2,158,225
2,158,225
2,158,225
2,158,230
2,158,230
2,158,230
2,158,230
2,158,230
2,158,230
2,158,235
2,158,235
2,158,235
2,158,235
2,158,235
2,158,240
2,158,240
2,158,240
2,158,240
2,158,240
2,158,245
2,158,245
2,158,245
2,158,250
2,158,225
2,158,225
2,158,230
2,158,230
2,158,230
2,158,230
2,158,235
2,158,235
2,158,235
2,158,240
2,158,250
2,158,255
2,158,230
2,158,230
2,158,230
2,158,230
2,158,235
2,158,235
2,158,235
2,158,240
2,158,210
2,158,220
2,158,220
2,158,225
2,158,230
2,158,230
2,158,230
2,158,230
2,158,230
2,158,235
2,158,235
2,158,235
1,158,235
2,158,235
2,158,235
2,158,240
2,158,240
2,158,240
2,158,240
2,158,245
2,158,225
2,158,225
2,158,230
2,158,230
2,158,235
2,158,235
2,158,235
2,158,240
2,158,225
2,158,230
2,158,230
2,158,230
2,158,230
2,158,235
2,158,235
2,158,235
2,158,235
2,158,235
2,158,235
2,158,235
2,158,235
2,158,235
2,158,235
2,158,235
1,158,235
2,158,240
2,158,240
2,158,240
2,158,245
2,158,225
2,158,225
2,158,230
2,158,230
2,158,230
2,158,230
2,158,230
2,158,235
2,158,235
2,158,235
2,158,240
2,158,240
2,158,240
2,158,240
2,158,240
2,158,250
2,158,225
2,158,225
2,158,225
2,158,225
2,158,225
2,158,230
2,158,230
2,158,230
2,158,230
2,158,230
2,158,230
2,158,230
2,158,235
2,158,240
2,158,240
2,158,240
2,158,245
2,158,220
2,158,225
2,158,225
2,158,225
2,158,230
2,158,230
2,158,230
2,158,230
2,158,230
2,158,235
2,158,235
2,158,235
2,158,240
2,158,240
2,158,240
2,158,240
2,158,240
2,158,245
2,158,220
2,158,225
2,158,225
2,158,230
2,158,230
2,158,230
2,158,230
2,158,230
2,158,235
2,158,235
2,158,235
2,158,240
2,158,240
2,158,240
2,158,245
2,158,245
2,159,215
2,159,225
2,159,225
2,159,225
2,159,225
2,159,225
2,159,230
2,159,230
2,159,230
2,159,230
2,159,230
2,159,230
2,159,230
2,159,230
2,159,235
2,159,235
2,159,235
2,159,235
2,159,235
1,159,240
2,159,240
2,159,240
2,159,240
2,159,245
2,159,245
2,159,245
2,159,245
2,159,250
2,159,220
2,159,225
2,159,230
2,159,230
2,159,230
2,159,230
2,159,230
2,159,235
2,159,235
2,159,235
1,159,235
2,159,240
2,159,240
2,159,240
2,159,240
2,159,240
2,159,245
2,159,245
2,159,250
2,159,250
2,159,225
2,159,230
2,159,230
2,159,230
2,159,230
2,159,235
2,159,235
2,159,235
2,159,235
2,159,240
2,159,240
2,159,245
2,159,260
2,159,225
2,159,225
2,159,225
2,159,225
2,159,230
2,159,230
2,159,230
2,159,235
2,159,240
1,159,245
2,159,245
1,159,245
2,159,215
2,159,220
2,159,220
2,159,225
2,159,225
2,159,230
2,159,230
2,159,230
2,159,230
2,159,230
2,159,235
2,159,235
2,159,240
2,159,240
2,159,240
2,159,245
2,159,245
2,159,245
2,159,245
2,159,245
2,159,225
2,159,225
2,159,225
2,159,225
2,159,230
2,159,230
2,159,230
2,159,230
2,159,230
2,159,230
2,159,235
2,159,235
2,159,235
1,159,235
2,159,235
2,159,235
2,159,235
2,159,235
2,159,235
2,159,235
2,159,240
2,159,240
2,159,240
2,159,240
1,159,240
2,159,240
2,159,240
2,159,245
2,159,245
2,159,250
2,159,220
2,159,225
2,159,225
2,159,230
2,159,230
2,159,230
2,159,230
2,159,230
2,159,230
2,159,235
2,159,235
2,159,240
2,159,240
2,159,240
2,159,240
2,159,245
2,159,245
2,159,245
2,159,225
2,159,225
2,159,230
2,159,230
2,159,230
2,159,230
2,159,230
2,159,230
2,159,235
2,159,235
2,159,235
2,159,235
2,159,240
2,159,240
2,159,240
2,159,240
2,159,240
2,159,255
2,159,225
2,159,225
2,159,230
2,159,230
2,159,235
2,159,235
2,159,240
2,159,240
2,159,240
2,159,245
2,159,250
2,159,255
2,159,225
2,159,225
2,159,225
2,159,225
2,159,225
2,159,225
2,159,230
2,159,230
2,159,230
2,159,235
2,159,235
2,159,235
2,159,235
2,159,235
2,159,240
2,159,245
2,159,245
2,159,245
2,160,220
2,160,225
2,160,230
2,160,230
2,160,235
2,160,235
2,160,235
2,160,235
2,160,235
2,160,235
2,160,240
2,160,240
2,160,240
2,160,240
2,160,240
2,160,240
2,160,240
2,160,245
2,160,245
2,160,250
2,160,225
2,160,230
2,160,230
2,160,235
2,160,235
2,160,235
2,160,235
2,160,235
2,160,240
2,160,240
2,160,240
2,160,240
1,160,240
2,160,245
1,160,245
2,160,245
2,160,215
2,160,230
2,160,235
2,160,235
2,160,235
2,160,235
2,160,240
2,160,240
2,160,240
2,160,245
2,160,245
2,160,250
2,160,225
2,160,225
2,160,235
2,160,240
2,160,240
2,160,250
2,160,250
2,160,230
2,160,235
2,160,235
2,160,235
2,160,235
2,160,235
2,160,240
2,160,240
2,160,240
2,160,240
2,160,245
2,160,245
2,160,220
2,160,220
2,160,225
2,160,225
2,160,225
2,160,225
2,160,225
2,160,230
2,160,230
2,160,230
2,160,230
2,160,235
2,160,235
2,160,235
2,160,235
2,160,235
2,160,235
2,160,235
1,160,240
2,160,240
2,160,240
2,160,240
2,160,240
2,160,240
2,160,240
2,160,240
2,160,245
2,160,245
2,160,245
2,160,245
2,160,245
2,160,245
1,160,245
2,160,250
1,160,250
1,160,255
2,160,230
2,160,235
2,160,235
2,160,235
2,160,235
1,160,240
2,160,240
2,160,240
2,160,240
2,160,240
2,160,240
2,160,240
2,160,240
1,160,240
2,160,245
2,160,225
2,160,230
2,160,230
2,160,235
2,160,235
2,160,235
2,160,235
2,160,235
2,160,240
2,160,240
2,160,240
2,160,240
2,160,240
2,160,245
2,160,245
2,160,245
2,160,245
2,160,245
2,160,245
2,160,250
2,160,225
2,160,225
2,160,225
2,160,225
2,160,225
2,160,230
2,160,230
2,160,230
2,160,230
2,160,235
2,160,235
2,160,235
2,160,240
2,160,240
2,160,240
2,160,245
2,160,245
2,160,250
2,160,255
2,160,220
2,160,220
2,160,225
2,160,235
2,160,235
2,160,240
2,160,240
2,160,240
2,160,245
2,160,245
2,160,250
2,161,225
2,161,225
2,161,225
2,161,230
2,161,230
2,161,235
2,161,235
2,161,235
2,161,235
2,161,235
2,161,235
2,161,240
2,161,240
2,161,240
2,161,240
2,161,240
2,161,240
2,161,240
2,161,240
2,161,245
2,161,245
2,161,245
2,161,245
2,161,250
2,161,230
2,161,230
2,161,230
1,161,235
2,161,235
2,161,235
2,161,235
2,161,235
2,161,240
2,161,240
2,161,240
2,161,240
2,161,240
2,161,240
2,161,245
2,161,250
2,161,250
2,161,230
2,161,230
2,161,230
2,161,235
2,161,235
2,161,235
2,161,240
2,161,245
2,161,255
2,161,220
2,161,230
2,161,230
2,161,230
2,161,230
2,161,230
2,161,230
2,161,235
2,161,235
2,161,235
2,161,235
2,161,235
2,161,235
2,161,240
2,161,240
2,161,240
2,161,240
2,161,240
2,161,240
2,161,240
2,161,240
2,161,240
2,161,245
2,161,245
2,161,245
2,161,245
2,161,245
2,161,225
2,161,225
2,161,225
2,161,225
2,161,230
2,161,230
2,161,230
2,161,230
2,161,230
2,161,230
2,161,230
2,161,235
2,161,235
2,161,235
2,161,240
2,161,240
2,161,245
2,161,250
2,161,225
2,161,225
2,161,230
2,161,230
2,161,230
2,161,235
2,161,235
1,161,235
2,161,235
2,161,235
2,161,235
1,161,235
2,161,235
2,161,240
2,161,240
2,161,240
2,161,240
2,161,240
2,161,240
2,161,245
2,161,245
1,161,245
2,161,245
2,161,245
2,161,250
2,161,250
2,161,210
2,161,230
2,161,235
2,161,235
2,161,235
2,161,235
2,161,235
2,161,235
2,161,235
2,161,235
2,161,245
2,161,245
2,161,245
2,161,245
2,161,245
2,161,250
1,161,255
2,161,225
2,161,225
2,161,230
2,161,230
2,161,230
2,161,230
2,161,230
2,161,230
2,161,235
2,161,235
2,161,235
2,161,235
2,161,235
2,161,235
2,161,240
2,161,240
2,161,240
2,161,240
2,161,240
2,161,240
2,161,240
2,161,240
2,161,240
1,161,240
2,161,240
2,161,245
2,161,245
2,161,250
2,161,250
2,161,225
2,161,225
2,161,230
2,161,230
2,161,230
1,161,230
2,161,235
1,161,235
2,161,235
2,161,235
2,161,235
2,161,235
2,161,235
2,161,240
2,161,240
1,161,240
2,161,240
2,161,240
2,161,245
2,161,250
2,161,250
2,161,225
2,161,225
2,161,230
2,161,230
2,161,235
1,161,235
2,161,235
2,161,235
2,161,235
2,161,235
2,161,240
2,161,240
2,161,240
2,161,240
2,161,245
2,161,245
2,161,245
2,161,245
1,161,250
1,161,250
2,161,250
2,162,225
2,162,225
2,162,225
2,162,235
2,162,235
2,162,235
2,162,235
2,162,235
2,162,235
2,162,235
2,162,240
2,162,240
2,162,240
2,162,240
2,162,245
2,162,245
2,162,245
1,162,245
1,162,245
2,162,245
2,162,220
2,162,225
2,162,235
2,162,240
2,162,240
1,162,240
1,162,240
2,162,240
2,162,245
2,162,250
2,162,250
2,162,255
2,162,235
2,162,235
2,162,235
2,162,240
2,162,240
1,162,240
2,162,245
2,162,245
2,162,245
2,162,245
2,162,245
2,162,245
2,162,250
2,162,250
2,162,250
2,162,250
2,162,250
2,162,225
2,162,225
2,162,230
2,162,230
2,162,230
2,162,235
2,162,235
2,162,235
2,162,235
2,162,240
2,162,240
2,162,240
2,162,240
2,162,240
2,162,240
2,162,240
1,162,240
2,162,245
2,162,245
2,162,245
2,162,245
2,162,245
2,162,220
2,162,225
2,162,225
2,162,230
2,162,230
2,162,230
2,162,235
2,162,235
2,162,235
2,162,235
2,162,235
2,162,235
2,162,235
2,162,245
2,162,245
2,162,255
1,162,255
2,162,225
2,162,225
2,162,225
2,162,230
2,162,230
2,162,230
1,162,235
2,162,235
2,162,235
2,162,240
2,162,240
2,162,240
2,162,240
1,162,240
2,162,240
2,162,240
2,162,240
2,162,240
2,162,245
1,162,245
1,162,250
2,162,250
2,162,250
1,162,250
2,162,255
2,162,255
1,162,255
2,162,255
1,162,260
1,162,260
2,162,220
2,162,220
2,162,230
2,162,230
2,162,230
2,162,235
1,162,235
2,162,235
2,162,235
2,162,240
2,162,240
2,162,245
2,162,245
2,162,245
2,162,245
2,162,245
2,162,250
2,162,260
2,162,225
2,162,225
2,162,230
2,162,230
2,162,230
2,162,235
2,162,235
2,162,240
2,162,240
2,162,245
2,162,245
1,162,250
2,162,225
2,162,230
2,162,230
2,162,230
2,162,230
2,162,235
2,162,235
2,162,235
2,162,235
2,162,235
2,162,240
2,162,240
2,162,240
2,162,240
1,162,240
1,162,245
2,162,245
2,162,245
2,162,250
2,162,250
2,162,250
2,162,250
2,162,230
2,162,235
2,162,235
2,162,235
1,162,235
2,162,235
2,162,240
2,162,240
2,162,240
2,162,240
2,162,240
2,162,240
2,162,240
1,162,245
2,162,245
1,162,245
2,162,245
2,162,245
2,163,225
2,163,230
2,163,230
2,163,230
2,163,235
2,163,235
2,163,235
2,163,240
2,163,240
2,163,240
2,163,240
2,163,245
1,163,245
2,163,245
1,163,245
2,163,250
2,163,250
2,163,250
1,163,250
2,163,255
1,163,265
2,163,225
2,163,230
1,163,235
2,163,235
1,163,235
2,163,240
2,163,240
2,163,240
2,163,240
2,163,245
2,163,245
2,163,245
2,163,245
1,163,245
2,163,245
2,163,245
1,163,250
2,163,250
1,163,250
2,163,250
1,163,250
1,163,255
2,163,225
2,163,230
2,163,235
2,163,235
2,163,235
2,163,235
2,163,235
2,163,235
2,163,235
2,163,240
2,163,240
2,163,240
2,163,245
2,163,245
2,163,245
2,163,245
1,163,245
2,163,250
2,163,250
2,163,225
2,163,225
2,163,230
2,163,230
2,163,230
2,163,230
2,163,235
2,163,235
2,163,235
2,163,240
2,163,240
2,163,240
2,163,240
2,163,240
2,163,240
2,163,240
2,163,240
2,163,240
2,163,245
2,163,250
2,163,225
2,163,225
2,163,230
2,163,235
2,163,235
2,163,235
2,163,235
2,163,235
2,163,235
2,163,235
2,163,240
2,163,240
2,163,245
2,163,245
2,163,245
2,163,245
2,163,225
2,163,225
2,163,230
2,163,230
2,163,230
2,163,235
2,163,235
2,163,235
2,163,235
2,163,235
2,163,235
2,163,235
1,163,235
2,163,235
2,163,235
2,163,235
1,163,235
2,163,240
2,163,240
2,163,240
2,163,240
2,163,240
2,163,240
2,163,245
2,163,245
2,163,245
2,163,245
2,163,245
2,163,245
2,163,245
2,163,250
2,163,250
2,163,250
1,163,250
2,163,255
2,163,225
2,163,230
2,163,235
2,163,235
2,163,235
2,163,240
2,163,240
2,163,240
2,163,240
2,163,240
2,163,245
2,163,245
2,163,245
1,163,245
1,163,245
2,163,245
2,163,245
2,163,245
2,163,245
1,163,245
2,163,245
2,163,250
2,163,250
2,163,225
2,163,225
2,163,235
2,163,235
1,163,235
2,163,240
2,163,240
2,163,240
2,163,240
2,163,250
1,163,250
1,163,255
1,163,255
2,163,215
2,163,230
2,163,230
2,163,230
2,163,230
2,163,235
2,163,235
2,163,235
2,163,235
2,163,235
2,163,235
2,163,235
2,163,240
2,163,240
2,163,240
2,163,240
2,163,240
2,163,240
2,163,245
1,163,245
2,163,245
2,163,250
1,163,250
2,163,255
2,163,255
2,163,225
2,163,230
2,163,230
1,163,230
1,163,230
2,163,235
2,163,235
2,163,235
2,163,235
2,163,235
2,163,235
2,163,240
1,163,240
2,163,240
2,163,240
2,163,240
2,163,245
2,163,245
1,163,245
2,163,250
1,163,260
2,164,225
2,164,230
2,164,230
2,164,230
2,164,235
2,164,235
2,164,235
2,164,235
2,164,240
2,164,240
2,164,240
2,164,240
2,164,240
2,164,240
2,164,240
2,164,240
2,164,240
2,164,245
1,164,245
2,164,245
2,164,245
2,164,245
2,164,245
1,164,245
2,164,250
2,164,250
1,164,250
1,164,255
2,164,255
1,164,255
1,164,255
1,164,255
2,164,225
1,164,235
2,164,240
2,164,240
2,164,240
2,164,240
1,164,245
2,164,245
2,164,245
1,164,250
2,164,250
2,164,250
2,164,255
1,164,255
1,164,255
2,164,225
2,164,230
1,164,230
2,164,235
2,164,235
2,164,235
2,164,235
2,164,235
2,164,240
1,164,240
1,164,240
1,164,245
1,164,245
2,164,250
2,164,250
2,164,230
2,164,235
2,164,240
2,164,240
1,164,240
1,164,245
2,164,245
2,164,245
2,164,245
2,164,245
1,164,250
2,164,255
2,164,230
2,164,235
1,164,235
2,164,235
2,164,235
2,164,235
2,164,235
2,164,240
2,164,240
2,164,245
2,164,245
2,164,245
2,164,250
2,164,225
2,164,230
2,164,235
2,164,235
2,164,235
2,164,235
2,164,240
1,164,240
2,164,240
2,164,240
2,164,240
2,164,240
2,164,240
2,164,240
1,164,240
1,164,245
2,164,245
2,164,245
2,164,245
2,164,245
2,164,250
1,164,250
2,164,250
1,164,265
1,164,265
2,164,230
2,164,230
2,164,230
2,164,235
2,164,235
2,164,235
2,164,240
2,164,240
2,164,245
2,164,245
2,164,245
2,164,245
1,164,245
1,164,250
2,164,250
2,164,250
1,164,255
2,164,255
2,164,260
2,164,230
2,164,230
2,164,235
2,164,235
2,164,240
2,164,240
2,164,245
1,164,245
2,164,245
1,164,245
2,164,245
2,164,250
1,164,250
2,164,250
2,164,225
1,164,240
2,164,240
2,164,240
1,164,240
2,164,240
2,164,245
1,164,250
1,164,250
2,164,230
2,164,230
2,164,230
2,164,230
2,164,230
2,164,230
2,164,235
2,164,235
2,164,235
2,164,235
2,164,235
2,164,235
2,164,235
2,164,240
2,164,240
2,164,240
2,164,240
2,164,240
2,164,240
1,164,245
2,164,245
1,164,245
2,164,245
2,164,245
2,164,245
1,164,245
1,164,250
2,164,250
2,164,250
2,164,250
1,164,250
2,165,230
2,165,235
2,165,235
2,165,235
2,165,240
2,165,240
2,165,240
2,165,240
2,165,245
1,165,245
2,165,245
2,165,245
2,165,250
2,165,255
2,165,255
2,165,255
1,165,255
2,165,255
2,165,255
1,165,260
2,165,220
1,165,230
2,165,235
2,165,235
2,165,235
1,165,240
2,165,240
2,165,240
2,165,245
2,165,245
1,165,245
2,165,245
1,165,245
2,165,250
1,165,250
1,165,250
2,165,225
2,165,235
2,165,240
2,165,240
2,165,240
2,165,240
2,165,240
2,165,240
2,165,245
2,165,245
1,165,245
2,165,245
1,165,245
2,165,245
2,165,250
2,165,250
1,165,250
2,165,255
2,165,255
1,165,260
1,165,260
2,165,230
2,165,230
2,165,235
2,165,235
1,165,235
2,165,240
2,165,240
2,165,240
2,165,245
2,165,245
1,165,250
1,165,250
2,165,250
2,165,250
2,165,255
1,165,255
1,165,255
2,165,225
2,165,230
2,165,235
2,165,235
2,165,240
1,165,240
2,165,240
2,165,245
2,165,245
2,165,245
1,165,245
2,165,245
2,165,250
2,165,250
2,165,230
2,165,235
2,165,235
2,165,235
2,165,235
2,165,240
2,165,240
2,165,240
2,165,240
2,165,245
1,165,245
2,165,245
2,165,245
2,165,245
2,165,245
1,165,245
1,165,250
2,165,250
2,165,250
1,165,250
1,165,250
1,165,250
1,165,250
1,165,250
1,165,255
2,165,255
1,165,265
2,165,230
2,165,230
2,165,235
2,165,235
2,165,235
2,165,240
2,165,240
2,165,245
2,165,245
1,165,245
2,165,245
2,165,250
2,165,250
2,165,250
2,165,260
2,165,235
2,165,240
2,165,250
2,165,250
2,165,235
2,165,235
2,165,240
2,165,240
2,165,240
2,165,250
1,165,250
1,165,250
1,165,250
2,165,235
2,165,240
2,165,240
2,165,240
2,165,240
2,165,245
2,165,245
2,165,245
1,165,245
1,165,245
2,165,250
2,165,250
2,165,260
2,166,225
2,166,235
1,166,235
2,166,235
2,166,240
2,166,240
2,166,240
1,166,240
2,166,240
2,166,240
2,166,240
2,166,240
2,166,245
2,166,245
2,166,250
1,166,250
1,166,260
2,166,260
1,166,260
1,166,270
2,166,230
2,166,230
2,166,230
2,166,235
2,166,235
1,166,240
2,166,245
1,166,245
2,166,245
1,166,245
2,166,250
2,166,250
2,166,255
1,166,260
1,166,260
1,166,230
2,166,230
1,166,235
2,166,240
2,166,240
2,166,240
2,166,240
2,166,240
2,166,245
2,166,245
1,166,255
2,166,230
2,166,235
2,166,240
2,166,245
2,166,250
2,166,250
2,166,230
2,166,240
2,166,240
2,166,240
2,166,240
2,166,240
2,166,240
2,166,240
2,166,240
1,166,245
2,166,245
2,166,245
1,166,245
2,166,250
1,166,250
2,166,250
2,166,255
2,166,240
1,166,240
1,166,240
2,166,240
1,166,240
2,166,240
2,166,240
1,166,245
2,166,245
2,166,245
1,166,245
1,166,245
2,166,250
1,166,250
1,166,250
2,166,250
1,166,255
2,166,255
1,166,255
1,166,260
1,166,260
2,166,265
2,166,235
2,166,235
1,166,240
2,166,240
2,166,240
2,166,240
2,166,240
1,166,240
1,166,245
2,166,245
2,166,245
2,166,245
2,166,250
2,166,255
2,166,260
2,166,240
2,166,245
1,166,245
2,166,245
2,166,245
2,166,250
2,166,250
2,166,255
2,166,225
2,166,225
2,166,230
2,166,230
2,166,235
2,166,235
1,166,240
1,166,240
2,166,245
2,166,250
1,166,250
2,166,250
1,166,250
1,166,250
2,166,235
1,166,235
2,166,235
2,166,235
2,166,240
2,166,240
2,166,240
1,166,240
2,166,245
1,166,245
1,166,245
1,166,245
1,166,250
1,166,255
1,166,255
1,166,260
2,167,235
2,167,235
2,167,240
2,167,240
2,167,240
1,167,240
2,167,240
1,167,240
2,167,245
2,167,245
2,167,245
2,167,245
1,167,245
1,167,250
2,167,250
2,167,250
2,167,250
2,167,250
1,167,255
1,167,255
2,167,255
2,167,255
1,167,260
2,167,235
2,167,240
2,167,240
2,167,240
1,167,245
1,167,245
2,167,245
2,167,245
2,167,245
2,167,250
2,167,250
1,167,255
1,167,255
1,167,255
2,167,260
2,167,230
2,167,240
1,167,240
1,167,255
1,167,255
1,167,260
1,167,265
1,167,270
2,167,230
2,167,240
2,167,245
2,167,245
2,167,245
2,167,245
1,167,250
1,167,250
2,167,255
2,167,255
1,167,260
2,167,235
1,167,240
2,167,240
2,167,240
1,167,240
1,167,245
2,167,245
1,167,245
2,167,245
2,167,250
2,167,230
2,167,235
2,167,235
2,167,235
1,167,240
2,167,240
1,167,240
2,167,240
2,167,240
1,167,240
2,167,245
1,167,245
1,167,245
1,167,245
1,167,245
2,167,250
1,167,250
1,167,250
2,167,250
1,167,255
2,167,255
2,167,255
1,167,255
1,167,255
1,167,260
1,167,265
1,167,265
2,167,235
2,167,240
2,167,245
1,167,245
2,167,245
1,167,250
1,167,250
2,167,250
2,167,250
2,167,255
2,167,255
2,167,255
2,167,260
1,167,260
1,167,260
2,167,225
1,167,225
2,167,230
1,167,240
1,167,240
2,167,245
1,167,245
2,167,245
1,167,245
1,167,245
1,167,250
2,167,250
2,167,250
2,167,250
1,167,255
1,167,255
2,167,255
2,167,260
1,167,260
2,167,235
2,167,240
1,167,240
2,167,240
2,167,250
1,167,250
2,167,250
1,167,255
1,167,255
1,167,255
2,167,260
1,167,260
1,167,265
2,167,230
2,167,230
2,167,235
2,167,235
2,167,245
2,167,245
1,167,245
2,167,245
1,167,245
2,167,250
2,167,250
1,167,255
2,167,255
1,167,255
2,167,255
2,167,255
1,167,260
1,167,260
1,167,265
1,168,235
1,168,240
2,168,240
1,168,240
1,168,245
1,168,245
1,168,245
1,168,250
1,168,250
1,168,250
1,168,255
2,168,255
1,168,255
1,168,255
1,168,260
1,168,260
1,168,260
1,168,265
2,168,225
1,168,240
2,168,240
2,168,245
1,168,245
2,168,245
2,168,245
1,168,245
1,168,250
2,168,250
2,168,250
2,168,250
1,168,250
1,168,255
2,168,255
1,168,255
1,168,255
2,168,230
2,168,240
1,168,240
2,168,245
2,168,245
2,168,245
1,168,245
1,168,245
2,168,245
2,168,245
2,168,245
1,168,250
2,168,250
2,168,250
1,168,250
1,168,255
2,168,260
1,168,260
1,168,270
2,168,235
2,168,235
2,168,235
2,168,240
2,168,240
2,168,240
1,168,240
2,168,240
2,168,240
1,168,245
2,168,245
2,168,245
2,168,245
2,168,245
1,168,245
2,168,250
2,168,250
1,168,250
1,168,250
2,168,250
2,168,250
1,168,250
1,168,255
2,168,255
2,168,255
2,168,255
1,168,235
2,168,240
2,168,240
2,168,240
2,168,245
2,168,245
2,168,245
2,168,245
2,168,250
1,168,255
2,168,235
1,168,240
2,168,245
1,168,245
2,168,245
1,168,245
2,168,245
1,168,245
1,168,250
2,168,250
1,168,250
1,168,250
1,168,250
1,168,255
2,168,255
1,168,255
2,168,255
1,168,260
2,168,260
1,168,265
1,168,240
2,168,240
2,168,245
2,168,245
1,168,245
2,168,250
2,168,250
2,168,250
1,168,255
1,168,255
1,168,255
2,168,255
1,168,265
2,168,230
1,168,235
2,168,240
2,168,240
2,168,240
1,168,240
1,168,240
1,168,245
2,168,245
2,168,250
1,168,250
1,168,250
2,168,250
1,168,250
1,168,255
2,168,235
2,168,235
2,168,240
2,168,240
2,168,245
2,168,245
1,168,245
2,168,250
1,168,250
1,168,250
2,168,255
1,168,255
2,168,255
1,168,255
1,168,260
2,168,235
1,168,235
2,168,240
2,168,240
2,168,245
2,168,245
1,168,245
2,168,250
2,168,250
2,168,250
1,168,250
1,168,250
1,168,250
1,168,255
1,168,255
1,168,255
1,168,260
1,168,260
1,168,260
2,169,240
1,169,240
1,169,240
1,169,245
1,169,245
2,169,245
2,169,245
1,169,250
1,169,250
2,169,250
2,169,255
1,169,255
1,169,255
1,169,260
1,169,260
1,169,265
2,169,230
2,169,240
2,169,240
1,169,240
2,169,245
1,169,245
1,169,250
1,169,250
1,169,255
1,169,255
1,169,255
1,169,260
2,169,240
2,169,240
1,169,245
1,169,245
2,169,250
2,169,250
1,169,250
1,169,250
1,169,265
2,169,235
2,169,240
2,169,240
2,169,240
2,169,245
1,169,245
1,169,245
1,169,250
1,169,250
1,169,250
1,169,250
1,169,255
1,169,255
1,169,255
1,169,255
1,169,260
2,169,260
2,169,235
2,169,240
1,169,245
1,169,245
1,169,250
1,169,250
1,169,250
2,169,255
1,169,255
2,169,255
1,169,235
2,169,245
2,169,245
1,169,245
2,169,245
2,169,245
2,169,245
1,169,250
2,169,250
1,169,255
1,169,255
1,169,255
1,169,260
2,169,260
1,169,260
1,169,265
2,169,235
2,169,235
2,169,240
2,169,240
1,169,245
1,169,245
1,169,250
1,169,250
2,169,250
1,169,250
1,169,255
2,169,255
1,169,255
1,169,255
1,169,255
1,169,260
2,169,260
1,169,260
1,169,260
2,169,270
1,169,270
1,169,240
2,169,245
1,169,245
1,169,245
1,169,245
1,169,245
1,169,250
1,169,250
1,169,250
1,169,250
1,169,255
1,169,255
1,169,255
2,169,265
2,169,230
2,169,235
1,169,240
1,169,245
1,169,245
2,169,250
1,169,250
2,169,250
1,169,250
1,169,255
1,169,255
2,169,255
1,169,260
1,169,265
2,169,230
1,169,240
1,169,240
1,169,245
2,169,245
1,169,250
1,169,250
1,169,250
1,169,250
1,169,250
1,169,255
1,169,255
1,169,255
1,169,260
1,169,260
1,169,265
2,170,225
2,170,240
1,170,245
1,170,250
1,170,250
1,170,250
1,170,250
1,170,255
2,170,255
1,170,255
1,170,260
1,170,260
1,170,260
1,170,265
1,170,265
1,170,265
1,170,265
1,170,265
1,170,265
2,170,225
2,170,240
2,170,240
2,170,240
2,170,240
2,170,245
1,170,245
1,170,250
1,170,255
1,170,255
1,170,265
1,170,265
2,170,235
2,170,240
2,170,240
2,170,245
1,170,245
1,170,245
1,170,250
1,170,250
1,170,255
2,170,255
2,170,255
1,170,255
1,170,255
1,170,255
1,170,255
1,170,260
2,170,260
1,170,245
1,170,245
2,170,245
2,170,245
1,170,250
1,170,250
1,170,255
1,170,255
1,170,260
1,170,260
1,170,265
2,170,235
2,170,235
2,170,250
1,170,250
1,170,250
2,170,250
1,170,250
1,170,255
1,170,255
1,170,260
1,170,240
1,170,240
1,170,240
2,170,245
2,170,245
1,170,245
1,170,245
2,170,250
2,170,250
1,170,250
1,170,250
2,170,250
2,170,255
1,170,255
2,170,255
1,170,255
1,170,255
1,170,255
1,170,255
1,170,260
1,170,260
1,170,260
2,170,260
2,170,260
1,170,260
1,170,260
1,170,265
1,170,270
2,170,245
2,170,245
2,170,245
1,170,250
2,170,250
1,170,250
1,170,255
2,170,255
1,170,255
1,170,255
1,170,255
1,170,260
2,170,260
1,170,265
2,170,240
1,170,240
1,170,245
2,170,245
1,170,245
1,170,245
1,170,250
1,170,250
2,170,255
1,170,255
2,170,255
1,170,255
1,170,255
1,170,260
1,170,260
1,170,260
1,170,260
1,170,260
1,170,260
1,170,265
1,170,240
1,170,240
2,170,240
1,170,245
2,170,250
1,170,250
1,170,250
2,170,255
2,170,255
1,170,255
1,170,255
1,170,260
2,170,260
1,170,265
2,170,265
1,170,265
2,170,245
2,170,250
2,170,255
2,170,255
1,170,260
1,170,260
1,170,260
1,170,265
1,170,270
1,170,270
2,171,240
2,171,240
1,171,245
1,171,245
1,171,250
1,171,250
1,171,250
1,171,255
2,171,255
1,171,260
1,171,260
1,171,260
1,171,265
1,171,270
1,171,235
2,171,240
1,171,240
2,171,245
1,171,245
1,171,245
1,171,245
1,171,245
2,171,245
2,171,250
1,171,250
2,171,250
1,171,250
1,171,250
2,171,260
1,171,265
1,171,265
1,171,265
1,171,265
1,171,270
2,171,235
1,171,240
1,171,250
1,171,250
2,171,255
2,171,255
1,171,255
1,171,255
1,171,260
1,171,265
1,171,270
1,171,240
1,171,240
2,171,240
1,171,245
2,171,245
1,171,250
2,171,250
1,171,255
1,171,255
1,171,260
1,171,260
1,171,260
1,171,260
1,171,260
1,171,260
1,171,265
1,171,270
2,171,245
1,171,245
1,171,250
1,171,255
1,171,255
1,171,255
1,171,260
2,171,240
1,171,240
1,171,245
1,171,250
2,171,250
1,171,250
1,171,255
1,171,255
1,171,255
1,171,255
1,171,255
1,171,255
1,171,255
1,171,260
1,171,260
1,171,260
1,171,260
1,171,260
1,171,260
1,171,265
1,171,265
1,171,265
1,171,265
1,171,265
1,171,270
1,171,275
1,171,275
1,171,240
1,171,245
1,171,245
2,171,245
2,171,245
1,171,245
1,171,245
1,171,250
2,171,250
1,171,255
1,171,255
1,171,255
1,171,255
2,171,255
1,171,255
1,171,260
1,171,260
1,171,260
1,171,260
1,171,260
1,171,260
1,171,265
1,171,235
1,171,245
1,171,250
1,171,250
1,171,250
1,171,255
2,171,260
1,171,260
1,171,260
1,171,265
1,171,240
2,171,240
2,171,245
1,171,245
1,171,250
1,171,250
1,171,250
1,171,250
1,171,255
1,171,255
1,171,255
2,171,260
1,171,260
1,171,260
2,171,265
1,171,270
1,171,230
2,171,245
1,171,245
1,171,245
1,171,245
2,171,250
2,171,250
1,171,250
1,171,255
1,171,255
1,171,255
1,171,255
2,171,255
1,171,260
1,171,265
1,171,270
2,172,240
1,172,245
1,172,245
1,172,250
1,172,250
2,172,250
1,172,255
1,172,255
1,172,255
1,172,255
1,172,255
1,172,260
1,172,260
1,172,260
1,172,260
1,172,265
1,172,265
1,172,270
1,172,240
1,172,240
1,172,245
1,172,245
1,172,250
1,172,250
1,172,255
1,172,255
1,172,255
2,172,255
1,172,255
1,172,260
1,172,260
1,172,260
1,172,265
1,172,265
2,172,235
1,172,245
1,172,245
1,172,250
2,172,250
2,172,250
2,172,255
1,172,265
1,172,250
1,172,250
1,172,250
2,172,250
1,172,250
1,172,250
1,172,250
1,172,255
1,172,255
1,172,255
1,172,255
1,172,260
1,172,265
1,172,265
1,172,245
1,172,250
1,172,260
2,172,260
1,172,260
1,172,265
1,172,275
1,172,235
1,172,245
1,172,250
1,172,250
1,172,250
1,172,255
1,172,255
1,172,255
1,172,255
1,172,255
1,172,260
1,172,260
1,172,260
1,172,260
1,172,260
1,172,260
1,172,260
1,172,260
1,172,260
1,172,260
1,172,265
1,172,265
1,172,265
1,172,265
1,172,265
1,172,240
2,172,245
1,172,245
1,172,250
1,172,250
2,172,250
1,172,250
1,172,260
1,172,260
1,172,260
1,172,265
1,172,265
1,172,275
1,172,250
1,172,255
1,172,265
1,172,265
1,172,265
1,172,265
1,172,270
1,172,250
1,172,250
1,172,250
1,172,250
1,172,255
1,172,260
2,172,260
1,172,265
1,172,265
1,172,265
1,172,270
1,172,270
1,172,245
1,172,245
1,172,245
2,172,250
1,172,255
2,172,255
1,172,260
1,172,260
2,172,260
1,172,260
1,172,260
1,172,265
1,172,265
1,172,270
1,173,240
1,173,245
2,173,245
1,173,250
2,173,250
1,173,250
1,173,250
1,173,255
1,173,255
1,173,255
1,173,255
1,173,255
1,173,260
1,173,260
1,173,260
1,173,260
1,173,260
1,173,260
1,173,265
1,173,265
1,173,270
2,173,235
2,173,240
1,173,245
1,173,245
2,173,250
1,173,250
1,173,250
1,173,255
1,173,255
1,173,255
1,173,260
1,173,265
1,173,265
1,173,265
1,173,265
1,173,265
1,173,270
1,173,270
1,173,245
1,173,250
1,173,250
1,173,250
1,173,255
2,173,255
1,173,260
1,173,260
1,173,265
1,173,270
1,173,275
1,173,275
2,173,245
1,173,245
1,173,250
1,173,250
1,173,255
1,173,255
1,173,255
1,173,255
1,173,255
1,173,255
1,173,260
1,173,265
1,173,265
1,173,270
1,173,270
1,173,245
2,173,250
1,173,255
1,173,260
1,173,260
1,173,260
1,173,265
1,173,265
1,173,265
1,173,250
2,173,250
1,173,255
1,173,255
1,173,260
1,173,260
1,173,260
1,173,260
1,173,265
1,173,265
1,173,265
1,173,270
1,173,275
1,173,245
2,173,245
1,173,250
1,173,250
1,173,250
1,173,255
1,173,255
1,173,260
1,173,265
1,173,265
1,173,265
1,173,245
1,173,250
1,173,255
1,173,255
1,173,255
1,173,255
2,173,255
1,173,255
1,173,260
1,173,260
1,173,260
1,173,260
1,173,260
1,173,260
1,173,265
1,173,265
1,173,280
1,173,245
1,173,245
1,173,250
2,173,250
1,173,250
1,173,255
1,173,255
1,173,260
1,173,265
1,173,265
1,173,265
1,173,265
1,173,275
1,173,280
2,173,245
2,173,250
1,173,250
1,173,255
1,173,255
1,173,255
1,173,255
2,173,255
1,173,255
1,173,260
1,173,260
1,173,260
1,173,260
1,173,260
1,173,260
1,173,260
1,173,270
1,173,270
1,173,270
1,173,275
2,174,245
1,174,245
1,174,245
1,174,250
1,174,250
1,174,250
1,174,255
1,174,255
1,174,255
1,174,255
1,174,255
1,174,255
1,174,260
1,174,260
1,174,260
1,174,260
1,174,265
1,174,265
1,174,265
1,174,270
1,174,275
1,174,240
1,174,250
1,174,250
2,174,250
2,174,255
1,174,255
1,174,255
1,174,260
1,174,260
1,174,260
2,174,260
1,174,260
1,174,265
1,174,265
1,174,265
1,174,265
1,174,270
1,174,240
1,174,245
2,174,245
1,174,250
1,174,255
1,174,255
1,174,260
1,174,260
1,174,265
1,174,265
1,174,270
1,174,270
1,174,245
2,174,245
2,174,250
1,174,250
2,174,250
1,174,250
1,174,250
1,174,250
1,174,250
1,174,255
1,174,255
2,174,255
1,174,260
1,174,260
1,174,260
1,174,265
1,174,265
1,174,270
1,174,275
1,174,280
1,174,250
1,174,250
1,174,255
1,174,260
1,174,260
1,174,265
1,174,265
1,174,265
1,174,275
1,174,250
1,174,255
1,174,255
1,174,255
1,174,255
1,174,255
1,174,260
1,174,260
1,174,265
1,174,265
1,174,265
1,174,270
1,174,270
1,174,280
1,174,245
1,174,250
1,174,250
1,174,255
1,174,255
1,174,255
1,174,255
1,174,255
1,174,255
1,174,260
1,174,260
1,174,265
1,174,270
2,174,245
1,174,245
1,174,250
1,174,250
1,174,250
1,174,255
1,174,255
1,174,255
1,174,255
1,174,260
1,174,260
1,174,260
1,174,260
1,174,260
1,174,265
1,174,265
1,174,270
1,174,275
1,174,245
1,174,250
1,174,250
2,174,250
1,174,255
1,174,255
1,174,255
1,174,255
1,174,255
1,174,260
1,174,260
1,174,260
1,174,260
1,174,260
1,174,265
1,174,265
1,174,240
1,174,245
1,174,250
1,174,250
1,174,255
1,174,255
1,174,255
1,174,255
1,174,255
1,174,260
1,174,260
1,174,260
1,174,260
1,174,265
1,174,265
1,174,265
1,174,270
1,174,270
1,174,275
1,175,245
1,175,245
2,175,245
2,175,250
1,175,250
1,175,250
1,175,250
1,175,255
2,175,255
1,175,255
1,175,255
1,175,255
1,175,260
1,175,260
1,175,260
1,175,265
1,175,265
1,175,270
1,175,270
1,175,275
1,175,275
1,175,275
1,175,275
1,175,245
1,175,250
1,175,255
1,175,255
1,175,255
1,175,255
1,175,255
1,175,260
1,175,260
1,175,260
1,175,260
1,175,260
1,175,260
1,175,260
1,175,265
1,175,265
1,175,265
2,175,265
1,175,270
1,175,270
2,175,240
1,175,245
1,175,255
1,175,255
1,175,255
1,175,255
1,175,260
1,175,260
1,175,265
1,175,265
1,175,265
1,175,265
1,175,245
1,175,245
1,175,245
1,175,255
1,175,255
1,175,255
1,175,260
1,175,260
1,175,260
1,175,260
1,175,265
1,175,265
1,175,270
1,175,270
1,175,280
1,175,245
1,175,245
2,175,250
2,175,250
1,175,260
1,175,260
1,175,260
1,175,265
1,175,265
1,175,270
1,175,270
1,175,275
1,175,235
2,175,245
1,175,255
1,175,260
1,175,260
1,175,260
1,175,260
1,175,265
1,175,265
1,175,265
1,175,270
1,175,270
1,175,275
1,175,245
1,175,250
1,175,250
1,175,250
1,175,250
1,175,255
1,175,255
1,175,255
1,175,260
1,175,260
1,175,260
1,175,260
1,175,265
1,175,265
1,175,270
1,175,270
1,175,275
1,175,250
1,175,250
1,175,250
1,175,255
1,175,260
1,175,260
1,175,265
1,175,270
1,175,270
1,175,255
1,175,260
1,175,265
1,175,270
1,175,270
1,175,275
1,175,275
1,175,280
1,175,285
1,175,260
1,175,260
1,175,260
1,175,260
1,175,260
1,175,265
1,175,265
1,175,265
1,175,265
1,175,265
1,175,270
1,175,270
1,175,270
1,175,275
1,175,280
1,176,250
1,176,250
1,176,250
1,176,255
1,176,260
1,176,260
1,176,260
1,176,265
1,176,265
1,176,265
1,176,265
1,176,270
1,176,250
1,176,250
1,176,250
1,176,250
1,176,255
1,176,255
1,176,255
1,176,255
1,176,255
1,176,260
1,176,265
1,176,270
1,176,270
1,176,270
1,176,270
1,176,245
1,176,255
1,176,255
2,176,255
1,176,260
1,176,260
1,176,260
1,176,265
1,176,265
1,176,265
2,176,250
1,176,250
1,176,255
1,176,260
1,176,260
1,176,260
1,176,260
1,176,260
1,176,260
1,176,265
1,176,265
1,176,265
1,176,265
1,176,270
1,176,280
1,176,250
1,176,255
1,176,255
1,176,255
1,176,255
1,176,255
1,176,260
1,176,260
1,176,265
1,176,265
1,176,265
1,176,265
1,176,270
1,176,270
1,176,270
1,176,270
1,176,250
1,176,250
1,176,255
1,176,260
1,176,260
2,176,260
1,176,260
1,176,265
1,176,265
1,176,265
1,176,265
1,176,265
1,176,265
1,176,265
1,176,265
1,176,270
1,176,275
1,176,250
1,176,255
1,176,255
1,176,255
1,176,260
1,176,260
1,176,260
1,176,260
2,176,260
1,176,265
1,176,265
1,176,265
1,176,265
1,176,265
1,176,270
1,176,270
1,176,270
1,176,270
1,176,275
1,176,250
1,176,255
1,176,255
1,176,260
1,176,260
1,176,260
1,176,260
1,176,265
1,176,265
1,176,265
1,176,270
1,176,270
1,176,270
1,176,280
1,176,245
1,176,245
1,176,255
1,176,255
1,176,255
1,176,265
1,176,265
1,176,265
1,176,270
1,176,255
1,176,255
1,176,255
1,176,255
1,176,260
1,176,260
1,176,260
1,176,260
1,176,260
1,176,265
1,176,265
1,176,270
1,177,255
1,177,260
1,177,260
1,177,260
1,177,260
1,177,260
1,177,260
1,177,260
1,177,260
1,177,260
1,177,260
1,177,265
1,177,265
1,177,270
1,177,270
1,177,270
1,177,270
1,177,270
1,177,280
1,177,280
1,177,250
1,177,255
1,177,260
1,177,260
1,177,265
1,177,270
2,177,275
1,177,275
2,177,255
1,177,255
1,177,260
1,177,260
1,177,260
1,177,270
1,177,250
1,177,255
1,177,260
1,177,265
1,177,270
1,177,270
1,177,275
1,177,245
1,177,245
2,177,250
1,177,255
1,177,260
1,177,260
1,177,260
1,177,265
1,177,265
1,177,265
1,177,270
1,177,270
1,177,275
1,177,245
1,177,245
1,177,250
1,177,255
1,177,260
2,177,260
2,177,260
1,177,260
1,177,260
1,177,260
1,177,265
1,177,265
1,177,265
2,177,265
1,177,265
1,177,270
1,177,270
1,177,270
1,177,275
1,177,255
2,177,260
1,177,260
1,177,260
1,177,260
1,177,265
1,177,265
1,177,265
1,177,265
1,177,265
1,177,270
1,177,275
2,177,245
1,177,250
1,177,255
1,177,255
1,177,255
1,177,260
1,177,260
1,177,260
1,177,270
1,177,270
1,177,270
1,177,270
1,177,275
1,177,275
1,177,280
1,177,255
1,177,255
1,177,260
1,177,260
1,177,265
1,177,265
1,177,265
1,177,265
1,177,270
1,177,270
1,177,275
1,177,280
1,177,260
1,177,260
1,177,260
1,177,265
1,177,265
1,177,270
1,177,270
1,177,270
1,178,245
1,178,255
1,178,255
1,178,260
1,178,265
1,178,265
1,178,265
1,178,265
1,178,265
1,178,270
1,178,270
1,178,270
1,178,270
1,178,270
1,178,275
1,178,275
1,178,260
1,178,260
1,178,260
1,178,260
1,178,265
1,178,265
1,178,265
1,178,270
1,178,280
1,178,250
1,178,250
1,178,255
1,178,260
1,178,260
1,178,260
1,178,265
1,178,270
1,178,275
1,178,280
1,178,280
1,178,250
1,178,250
1,178,260
1,178,265
1,178,265
1,178,265
1,178,265
1,178,265
1,178,265
1,178,260
1,178,260
1,178,265
1,178,265
1,178,265
1,178,270
1,178,275
1,178,275
1,178,255
1,178,260
1,178,260
1,178,265
1,178,265
1,178,265
1,178,270
1,178,275
1,178,250
1,178,255
1,178,255
1,178,260
1,178,260
1,178,260
1,178,265
1,178,265
1,178,265
1,178,270
1,178,270
1,178,270
1,178,270
1,178,270
1,178,245
1,178,260
1,178,265
1,178,265
1,178,270
1,178,275
1,178,255
1,178,260
1,178,260
1,178,265
1,178,270
1,178,270
1,178,270
1,178,270
1,178,275
1,178,275
1,178,280
1,178,250
1,178,255
1,178,260
1,178,275
1,179,250
1,179,255
1,179,255
1,179,255
1,179,265
1,179,265
1,179,270
1,179,270
1,179,270
1,179,270
1,179,270
1,179,280
1,179,245
1,179,250
1,179,255
1,179,255
1,179,260
1,179,265
1,179,265
1,179,270
1,179,275
1,179,275
1,179,275
1,179,255
1,179,260
1,179,260
1,179,265
1,179,265
1,179,270
1,179,270
1,179,270
1,179,275
1,179,255
1,179,260
1,179,265
1,179,265
1,179,265
1,179,275
1,179,275
1,179,275
1,179,280
1,179,280
1,179,260
1,179,260
1,179,265
1,179,275
1,179,275
1,179,245
1,179,250
1,179,255
1,179,255
1,179,255
1,179,260
1,179,260
1,179,260
1,179,265
1,179,270
1,179,275
1,179,280
1,179,295
1,179,255
1,179,260
1,179,265
1,179,265
1,179,270
1,179,275
1,179,280
1,179,260
1,179,265
1,179,265
1,179,270
1,179,270
1,179,255
1,179,255
1,179,260
1,179,260
1,179,270
1,179,275
1,179,255
1,179,255
1,179,260
1,179,260
1,179,265
1,179,265
1,179,265
1,179,270
1,179,270
1,179,275
1,180,245
1,180,255
1,180,260
1,180,265
1,180,265
1,180,265
1,180,265
1,180,265
1,180,265
1,180,270
1,180,270
1,180,270
1,180,275
1,180,280
1,180,265
1,180,265
1,180,270
1,180,270
1,180,260
1,180,260
1,180,265
1,180,265
1,180,270
1,180,275
1,180,250
1,180,260
1,180,260
1,180,270
1,180,270
1,180,270
1,180,270
1,180,275
1,180,275
1,180,275
1,180,285
1,180,250
1,180,260
1,180,260
1,180,265
1,180,270
1,180,270
1,180,275
1,180,280
1,180,250
1,180,255
1,180,265
1,180,265
1,180,270
1,180,275
1,180,280
1,180,260
1,180,260
1,180,265
1,180,270
1,180,265
1,180,270
1,180,270
1,180,270
1,180,275
1,180,280
1,180,280
1,180,255
1,180,260
1,180,265
1,180,265
1,180,265
1,180,275
1,180,275
1,180,275
1,180,245
1,180,255
1,180,260
1,180,265
1,180,265
1,180,270
1,180,270
1,180,275
1,180,275
1,180,275
1,180,280
1,181,255
1,181,265
1,181,275
1,181,280
1,181,260
1,181,260
1,181,265
1,181,270
1,181,270
1,181,275
1,181,275
1,181,265
1,181,265
1,181,265
1,181,265
1,181,265
1,181,270
1,181,270
1,181,270
1,181,275
1,181,275
1,181,260
1,181,260
1,181,260
1,181,265
1,181,265
1,181,265
1,181,270
1,181,275
1,181,280
1,181,290
1,181,250
1,181,265
1,181,265
1,181,265
1,181,275
2,181,260
1,181,265
1,181,270
1,181,270
1,181,275
1,181,275
1,181,275
1,181,275
1,181,265
1,181,270
1,181,280
1,181,250
1,181,250
1,181,255
1,181,280
1,181,255
1,181,260
1,181,260
1,181,270
1,181,275
1,181,285
1,182,260
1,182,260
1,182,275
1,182,275
1,182,265
1,182,265
1,182,270
1,182,275
1,182,245
1,182,260
1,182,270
1,182,275
1,182,295
1,182,260
1,182,260
1,182,260
1,182,265
1,182,270
1,182,275
1,182,275
1,182,285
1,182,275
1,182,280
1,182,250
1,182,260
1,182,265
1,182,270
1,182,270
1,182,270
1,182,270
1,182,275
1,182,275
1,182,285
1,182,260
1,182,265
1,182,270
1,182,270
1,182,280
1,182,285
1,182,255
1,182,260
1,182,260
1,182,270
1,182,280
1,182,280
1,182,265
1,182,270
1,182,270
1,182,285
1,182,265
1,182,270
1,182,270
1,182,275
1,182,275
1,182,280
1,182,285
1,183,260
1,183,265
1,183,265
1,183,270
1,183,270
1,183,270
1,183,270
1,183,275
1,183,265
1,183,275
1,183,280
1,183,270
1,183,275
1,183,260
1,183,265
1,183,265
1,183,265
1,183,270
1,183,270
1,183,270
1,183,260
1,183,265
1,183,270
1,183,270
1,183,275
1,183,265
1,183,265
1,183,265
1,183,265
1,183,270
1,183,275
1,183,280
1,183,285
1,183,265
1,183,270
1,183,275
1,183,270
1,183,275
1,183,275
1,183,280
1,183,260
1,183,270
1,183,265
1,183,270
1,183,280
1,183,285
1,184,275
1,184,275
1,184,285
1,184,265
1,184,265
1,184,275
1,184,275
1,184,285
1,184,250
1,184,260
1,184,270
1,184,260
1,184,275
1,184,280
1,184,285
1,184,255
1,184,265
1,184,270
1,184,270
1,184,275
1,184,275
1,184,260
1,184,275
1,184,275
1,184,290
1,184,255
1,184,265
1,184,270
1,184,275
1,184,265
1,184,265
1,185,280
1,185,260
1,185,270
1,185,275
1,185,265
1,185,280
2,185,255
1,185,270
1,185,265
1,185,260
1,185,295
1,185,295
1,185,280
1,185,280
1,185,285
1,185,260
1,185,275
1,186,275
1,186,280
1,186,260
1,186,280
1,186,265
1,186,280
1,186,270
1,186,270
1,186,275
1,186,280
1,186,265
1,186,265
1,187,270
1,187,280
1,187,280
1,187,285
1,187,275
1,187,270
1,187,295
1,187,290
1,187,270
1,187,275
1,187,275
1,187,285
1,188,275
1,188,280
1,188,285
1,188,285
1,188,265
1,188,275
1,188,260
1,188,285
1,189,270
1,189,300
1,190,290
1,190,270
1,190,275
1,190,280
1,190,285
1,191,275
1,191,280
1,191,280
1,192,300
1,192,280
